diaName,signalName,StartMeter,EndMeter
回1105A,駒野下り出発4L,9.789158,476.1859
回1105A,下り閉塞9,476.1859,717.34204
回1105A,下り閉塞7,717.34204,969.0589
回1105A,館浜下り場内1L,969.0589,1438.708