diaName,signalName,StartMeter,EndMeter
回1105A,駒野下り出発4L,9.789158,476.18488
回1105A,下り閉塞9,476.18488,717.35803
回1105A,下り閉塞7,717.35803,969.0959
回1105A,館浜下り場内1LA,969.0959,1438.64