diaName,signalName,StartMeter,EndMeter
回1306A,館浜上り出発2R,14.97035,313.5661
回1306A,上り閉塞6,313.5661,510.4379
回1306A,上り閉塞8,510.4379,1000.11487
回1306A,駒野上り場内1RB,1000.11487,1442.178