diaName,signalName,StartMeter,EndMeter
回586,江ノ原検車区上り出発2R,4.868989,286.95142
回586,上り閉塞156,286.95142,493.0984
回586,大道寺上り場内1RC,493.0984,687.1778
回586,大道寺上り場内8R,687.1778,845.859