diaName,signalName,StartMeter,EndMeter
回586,江ノ原検車区上り出発2R,4.868989,286.9533
回586,上り閉塞156,286.9533,493.0994
回586,大道寺上り場内1R,493.0994,687.17554
回586,大道寺上り場内8R,687.17554,775.246